subject_id,image_name_1,image_name_2,image_name_3,source_name,ra,dec,#size
370,ILTJ142442.17+342141.6_I.png,ILTJ142442.17+342141.6_Ip.png,ILTJ142442.17+342141.6_S.png,ILTJ142442.17+342141.6,216.175727,34.361559,30.000000
371,ILTJ142445.36+333055.9_I.png,ILTJ142445.36+333055.9_Ip.png,ILTJ142445.36+333055.9_S.png,ILTJ142445.36+333055.9,216.188984,33.515530,30.000000
369,ILTJ142446.30+345247.3_I.png,ILTJ142446.30+345247.3_Ip.png,ILTJ142446.30+345247.3_S.png,ILTJ142446.30+345247.3,216.192911,34.879830,40.000000
368,ILTJ142456.37+352840.8_I.png,ILTJ142456.37+352840.8_Ip.png,ILTJ142456.37+352840.8_S.png,ILTJ142456.37+352840.8,216.242421,35.479438,90.000000
366,ILTJ142502.82+353421.1_I.png,ILTJ142502.82+353421.1_Ip.png,ILTJ142502.82+353421.1_S.png,ILTJ142502.82+353421.1,216.261756,35.572538,30.000000
364,ILTJ142512.41+350539.7_I.png,ILTJ142512.41+350539.7_Ip.png,ILTJ142512.41+350539.7_S.png,ILTJ142512.41+350539.7,216.301698,35.094369,40.000000
367,ILTJ142512.83+330451.4_I.png,ILTJ142512.83+330451.4_Ip.png,ILTJ142512.83+330451.4_S.png,ILTJ142512.83+330451.4,216.307286,33.075995,50.000000
363,ILTJ142516.53+342221.4_I.png,ILTJ142516.53+342221.4_Ip.png,ILTJ142516.53+342221.4_S.png,ILTJ142516.53+342221.4,216.318870,34.372610,50.000000
361,ILTJ142518.08+354239.6_I.png,ILTJ142518.08+354239.6_Ip.png,ILTJ142518.08+354239.6_S.png,ILTJ142518.08+354239.6,216.325348,35.711011,30.000000
365,ILTJ142520.25+322855.2_I.png,ILTJ142520.25+322855.2_Ip.png,ILTJ142520.25+322855.2_S.png,ILTJ142520.25+322855.2,216.334376,32.482012,30.000000
359,ILTJ142523.99+353717.6_I.png,ILTJ142523.99+353717.6_Ip.png,ILTJ142523.99+353717.6_S.png,ILTJ142523.99+353717.6,216.349974,35.621572,30.000000
362,ILTJ142526.45+331232.7_I.png,ILTJ142526.45+331232.7_Ip.png,ILTJ142526.45+331232.7_S.png,ILTJ142526.45+331232.7,216.360195,33.209101,30.000000
360,ILTJ142533.13+323559.4_I.png,ILTJ142533.13+323559.4_Ip.png,ILTJ142533.13+323559.4_S.png,ILTJ142533.13+323559.4,216.388031,32.599855,40.000000
358,ILTJ142537.12+344008.2_I.png,ILTJ142537.12+344008.2_Ip.png,ILTJ142537.12+344008.2_S.png,ILTJ142537.12+344008.2,216.404673,34.668961,40.000000
357,ILTJ142537.81+344908.3_I.png,ILTJ142537.81+344908.3_Ip.png,ILTJ142537.81+344908.3_S.png,ILTJ142537.81+344908.3,216.407543,34.818980,30.000000
355,ILTJ142541.37+345826.9_I.png,ILTJ142541.37+345826.9_Ip.png,ILTJ142541.37+345826.9_S.png,ILTJ142541.37+345826.9,216.422364,34.974156,70.000000
353,ILTJ142543.09+353055.0_I.png,ILTJ142543.09+353055.0_Ip.png,ILTJ142543.09+353055.0_S.png,ILTJ142543.09+353055.0,216.429532,35.515286,30.000000
356,ILTJ142548.49+333441.2_I.png,ILTJ142548.49+333441.2_Ip.png,ILTJ142548.49+333441.2_S.png,ILTJ142548.49+333441.2,216.452026,33.578112,40.000000
352,ILTJ142549.14+341358.8_I.png,ILTJ142549.14+341358.8_Ip.png,ILTJ142549.14+341358.8_S.png,ILTJ142549.14+341358.8,216.454736,34.233008,40.000000
354,ILTJ142553.98+323006.2_I.png,ILTJ142553.98+323006.2_Ip.png,ILTJ142553.98+323006.2_S.png,ILTJ142553.98+323006.2,216.474920,32.501748,30.000000
350,ILTJ142554.85+350807.1_I.png,ILTJ142554.85+350807.1_Ip.png,ILTJ142554.85+350807.1_S.png,ILTJ142554.85+350807.1,216.478532,35.135310,30.000000
349,ILTJ142557.93+351258.3_I.png,ILTJ142557.93+351258.3_Ip.png,ILTJ142557.93+351258.3_S.png,ILTJ142557.93+351258.3,216.491363,35.216211,30.000000
348,ILTJ142602.09+343106.3_I.png,ILTJ142602.09+343106.3_Ip.png,ILTJ142602.09+343106.3_S.png,ILTJ142602.09+343106.3,216.508700,34.518433,30.000000
351,ILTJ142603.46+330951.6_I.png,ILTJ142603.46+330951.6_Ip.png,ILTJ142603.46+330951.6_S.png,ILTJ142603.46+330951.6,216.514435,33.164336,30.000000
342,ILTJ142604.88+354556.0_I.png,ILTJ142604.88+354556.0_Ip.png,ILTJ142604.88+354556.0_S.png,ILTJ142604.88+354556.0,216.520326,35.765573,50.000000
347,ILTJ142609.26+342122.9_I.png,ILTJ142609.26+342122.9_Ip.png,ILTJ142609.26+342122.9_S.png,ILTJ142609.26+342122.9,216.538598,34.356361,30.000000
345,ILTJ142610.44+333101.9_I.png,ILTJ142610.44+333101.9_Ip.png,ILTJ142610.44+333101.9_S.png,ILTJ142610.44+333101.9,216.543497,33.517208,90.000000
343,ILTJ142610.79+341737.7_I.png,ILTJ142610.79+341737.7_Ip.png,ILTJ142610.79+341737.7_S.png,ILTJ142610.79+341737.7,216.544966,34.293829,30.000000
344,ILTJ142610.85+333937.4_I.png,ILTJ142610.85+333937.4_Ip.png,ILTJ142610.85+333937.4_S.png,ILTJ142610.85+333937.4,216.545222,33.660415,50.000000
341,ILTJ142612.18+353952.1_I.png,ILTJ142612.18+353952.1_Ip.png,ILTJ142612.18+353952.1_S.png,ILTJ142612.18+353952.1,216.550750,35.664493,30.000000
346,ILTJ142615.56+323820.1_I.png,ILTJ142615.56+323820.1_Ip.png,ILTJ142615.56+323820.1_S.png,ILTJ142615.56+323820.1,216.564829,32.638916,50.000000
340,ILTJ142619.86+332005.5_I.png,ILTJ142619.86+332005.5_Ip.png,ILTJ142619.86+332005.5_S.png,ILTJ142619.86+332005.5,216.582730,33.334861,50.000000
331,ILTJ142620.64+353709.7_I.png,ILTJ142620.64+353709.7_Ip.png,ILTJ142620.64+353709.7_S.png,ILTJ142620.64+353709.7,216.585999,35.619366,30.000000
338,ILTJ142620.73+335117.4_I.png,ILTJ142620.73+335117.4_Ip.png,ILTJ142620.73+335117.4_S.png,ILTJ142620.73+335117.4,216.586372,33.854848,40.000000
333,ILTJ142621.00+344014.5_I.png,ILTJ142621.00+344014.5_Ip.png,ILTJ142621.00+344014.5_S.png,ILTJ142621.00+344014.5,216.587480,34.670709,90.000000
337,ILTJ142621.92+340923.8_I.png,ILTJ142621.92+340923.8_Ip.png,ILTJ142621.92+340923.8_S.png,ILTJ142621.92+340923.8,216.591354,34.156627,30.000000
334,ILTJ142624.00+342757.6_I.png,ILTJ142624.00+342757.6_Ip.png,ILTJ142624.00+342757.6_S.png,ILTJ142624.00+342757.6,216.600006,34.466011,40.000000
339,ILTJ142624.13+323647.0_I.png,ILTJ142624.13+323647.0_Ip.png,ILTJ142624.13+323647.0_S.png,ILTJ142624.13+323647.0,216.600561,32.613069,30.000000
336,ILTJ142625.06+333147.8_I.png,ILTJ142625.06+333147.8_Ip.png,ILTJ142625.06+333147.8_S.png,ILTJ142625.06+333147.8,216.604399,33.529968,30.000000
332,ILTJ142628.94+332006.1_I.png,ILTJ142628.94+332006.1_Ip.png,ILTJ142628.94+332006.1_S.png,ILTJ142628.94+332006.1,216.620564,33.335053,50.000000
327,ILTJ142629.11+355003.1_I.png,ILTJ142629.11+355003.1_Ip.png,ILTJ142629.11+355003.1_S.png,ILTJ142629.11+355003.1,216.616947,35.829771,60.000000
335,ILTJ142629.26+323533.8_I.png,ILTJ142629.26+323533.8_Ip.png,ILTJ142629.26+323533.8_S.png,ILTJ142629.26+323533.8,216.621924,32.592724,40.000000
330,ILTJ142633.63+333213.7_I.png,ILTJ142633.63+333213.7_Ip.png,ILTJ142633.63+333213.7_S.png,ILTJ142633.63+333213.7,216.640123,33.537148,40.000000
326,ILTJ142636.65+350452.3_I.png,ILTJ142636.65+350452.3_Ip.png,ILTJ142636.65+350452.3_S.png,ILTJ142636.65+350452.3,216.652693,35.081194,40.000000
329,ILTJ142637.17+333245.9_I.png,ILTJ142637.17+333245.9_Ip.png,ILTJ142637.17+333245.9_S.png,ILTJ142637.17+333245.9,216.647542,33.540262,60.000000
328,ILTJ142638.98+331842.6_I.png,ILTJ142638.98+331842.6_Ip.png,ILTJ142638.98+331842.6_S.png,ILTJ142638.98+331842.6,216.662405,33.311845,30.000000
325,ILTJ142639.15+351024.5_I.png,ILTJ142639.15+351024.5_Ip.png,ILTJ142639.15+351024.5_S.png,ILTJ142639.15+351024.5,216.663124,35.173485,40.000000
324,ILTJ142639.45+344318.6_I.png,ILTJ142639.45+344318.6_Ip.png,ILTJ142639.45+344318.6_S.png,ILTJ142639.45+344318.6,216.664387,34.721857,60.000000
323,ILTJ142639.89+350241.4_I.png,ILTJ142639.89+350241.4_Ip.png,ILTJ142639.89+350241.4_S.png,ILTJ142639.89+350241.4,216.666193,35.044839,50.000000
322,ILTJ142645.24+335733.2_I.png,ILTJ142645.24+335733.2_Ip.png,ILTJ142645.24+335733.2_S.png,ILTJ142645.24+335733.2,216.688508,33.959229,30.000000
320,ILTJ142648.02+345851.9_I.png,ILTJ142648.02+345851.9_Ip.png,ILTJ142648.02+345851.9_S.png,ILTJ142648.02+345851.9,216.700102,34.981103,40.000000
319,ILTJ142649.45+352233.2_I.png,ILTJ142649.45+352233.2_Ip.png,ILTJ142649.45+352233.2_S.png,ILTJ142649.45+352233.2,216.706046,35.375889,70.000000
321,ILTJ142651.11+322222.8_I.png,ILTJ142651.11+322222.8_Ip.png,ILTJ142651.11+322222.8_S.png,ILTJ142651.11+322222.8,216.712979,32.373014,90.000000
311,ILTJ142656.49+352231.5_I.png,ILTJ142656.49+352231.5_Ip.png,ILTJ142656.49+352231.5_S.png,ILTJ142656.49+352231.5,216.735387,35.375429,80.000000
314,ILTJ142658.33+351852.2_I.png,ILTJ142658.33+351852.2_Ip.png,ILTJ142658.33+351852.2_S.png,ILTJ142658.33+351852.2,216.743034,35.314515,40.000000
316,ILTJ142658.65+351024.5_I.png,ILTJ142658.65+351024.5_Ip.png,ILTJ142658.65+351024.5_S.png,ILTJ142658.65+351024.5,216.744373,35.173496,30.000000
312,ILTJ142659.31+351948.1_I.png,ILTJ142659.31+351948.1_Ip.png,ILTJ142659.31+351948.1_S.png,ILTJ142659.31+351948.1,216.747121,35.330044,50.000000
315,ILTJ142659.73+342841.5_I.png,ILTJ142659.73+342841.5_Ip.png,ILTJ142659.73+342841.5_S.png,ILTJ142659.73+342841.5,216.748886,34.478216,40.000000
313,ILTJ142700.17+341200.7_I.png,ILTJ142700.17+341200.7_Ip.png,ILTJ142700.17+341200.7_S.png,ILTJ142700.17+341200.7,216.750716,34.200206,90.000000
318,ILTJ142700.75+331944.4_I.png,ILTJ142700.75+331944.4_Ip.png,ILTJ142700.75+331944.4_S.png,ILTJ142700.75+331944.4,216.753145,33.329017,30.000000
317,ILTJ142701.85+331223.6_I.png,ILTJ142701.85+331223.6_Ip.png,ILTJ142701.85+331223.6_S.png,ILTJ142701.85+331223.6,216.757715,33.206567,40.000000
309,ILTJ142702.24+345906.5_I.png,ILTJ142702.24+345906.5_Ip.png,ILTJ142702.24+345906.5_S.png,ILTJ142702.24+345906.5,216.759342,34.985146,60.000000
308,ILTJ142702.40+351110.2_I.png,ILTJ142702.40+351110.2_Ip.png,ILTJ142702.40+351110.2_S.png,ILTJ142702.40+351110.2,216.759993,35.186193,30.000000
310,ILTJ142710.17+324759.4_I.png,ILTJ142710.17+324759.4_Ip.png,ILTJ142710.17+324759.4_S.png,ILTJ142710.17+324759.4,216.792367,32.799852,30.000000
307,ILTJ142711.96+324724.8_I.png,ILTJ142711.96+324724.8_Ip.png,ILTJ142711.96+324724.8_S.png,ILTJ142711.96+324724.8,216.795855,32.795209,50.000000
306,ILTJ142712.82+334518.8_I.png,ILTJ142712.82+334518.8_Ip.png,ILTJ142712.82+334518.8_S.png,ILTJ142712.82+334518.8,216.803411,33.755239,40.000000
305,ILTJ142714.63+324158.2_I.png,ILTJ142714.63+324158.2_Ip.png,ILTJ142714.63+324158.2_S.png,ILTJ142714.63+324158.2,216.810955,32.699509,60.000000
302,ILTJ142715.14+352832.1_I.png,ILTJ142715.14+352832.1_Ip.png,ILTJ142715.14+352832.1_S.png,ILTJ142715.14+352832.1,216.813092,35.475610,30.000000
304,ILTJ142716.03+331409.7_I.png,ILTJ142716.03+331409.7_Ip.png,ILTJ142716.03+331409.7_S.png,ILTJ142716.03+331409.7,216.816778,33.236031,50.000000
303,ILTJ142717.58+331222.6_I.png,ILTJ142717.58+331222.6_Ip.png,ILTJ142717.58+331222.6_S.png,ILTJ142717.58+331222.6,216.823240,33.206297,30.000000
300,ILTJ142722.95+341816.5_I.png,ILTJ142722.95+341816.5_Ip.png,ILTJ142722.95+341816.5_S.png,ILTJ142722.95+341816.5,216.845631,34.304593,30.000000
301,ILTJ142724.95+332247.8_I.png,ILTJ142724.95+332247.8_Ip.png,ILTJ142724.95+332247.8_S.png,ILTJ142724.95+332247.8,216.853973,33.379965,30.000000
299,ILTJ142730.51+334629.6_I.png,ILTJ142730.51+334629.6_Ip.png,ILTJ142730.51+334629.6_S.png,ILTJ142730.51+334629.6,216.877105,33.774893,30.000000
298,ILTJ142731.14+334913.6_I.png,ILTJ142731.14+334913.6_Ip.png,ILTJ142731.14+334913.6_S.png,ILTJ142731.14+334913.6,216.879742,33.820464,30.000000
294,ILTJ142736.54+351559.8_I.png,ILTJ142736.54+351559.8_Ip.png,ILTJ142736.54+351559.8_S.png,ILTJ142736.54+351559.8,216.902253,35.266627,40.000000
293,ILTJ142738.02+355056.6_I.png,ILTJ142738.02+355056.6_Ip.png,ILTJ142738.02+355056.6_S.png,ILTJ142738.02+355056.6,216.908417,35.849077,40.000000
297,ILTJ142739.14+330750.3_I.png,ILTJ142739.14+330750.3_Ip.png,ILTJ142739.14+330750.3_S.png,ILTJ142739.14+330750.3,216.913068,33.130653,30.000000
295,ILTJ142741.56+333534.3_I.png,ILTJ142741.56+333534.3_Ip.png,ILTJ142741.56+333534.3_S.png,ILTJ142741.56+333534.3,216.923180,33.592880,30.000000
296,ILTJ142741.57+325940.8_I.png,ILTJ142741.57+325940.8_Ip.png,ILTJ142741.57+325940.8_S.png,ILTJ142741.57+325940.8,216.923207,32.994679,30.000000
292,ILTJ142747.91+332153.1_I.png,ILTJ142747.91+332153.1_Ip.png,ILTJ142747.91+332153.1_S.png,ILTJ142747.91+332153.1,216.949633,33.364762,40.000000
291,ILTJ142748.59+334841.1_I.png,ILTJ142748.59+334841.1_Ip.png,ILTJ142748.59+334841.1_S.png,ILTJ142748.59+334841.1,216.952461,33.811435,30.000000
290,ILTJ142752.43+333405.8_I.png,ILTJ142752.43+333405.8_Ip.png,ILTJ142752.43+333405.8_S.png,ILTJ142752.43+333405.8,216.968468,33.568287,40.000000
288,ILTJ142753.39+344625.5_I.png,ILTJ142753.39+344625.5_Ip.png,ILTJ142753.39+344625.5_S.png,ILTJ142753.39+344625.5,216.972467,34.773771,30.000000
289,ILTJ142753.74+341205.6_I.png,ILTJ142753.74+341205.6_Ip.png,ILTJ142753.74+341205.6_S.png,ILTJ142753.74+341205.6,216.973929,34.201567,40.000000
286,ILTJ142755.05+340837.7_I.png,ILTJ142755.05+340837.7_Ip.png,ILTJ142755.05+340837.7_S.png,ILTJ142755.05+340837.7,216.979377,34.143825,50.000000
287,ILTJ142757.93+324553.4_I.png,ILTJ142757.93+324553.4_Ip.png,ILTJ142757.93+324553.4_S.png,ILTJ142757.93+324553.4,216.991378,32.764858,40.000000
284,ILTJ142758.42+342557.2_I.png,ILTJ142758.42+342557.2_Ip.png,ILTJ142758.42+342557.2_S.png,ILTJ142758.42+342557.2,216.993409,34.432576,30.000000
282,ILTJ142759.18+345416.7_I.png,ILTJ142759.18+345416.7_Ip.png,ILTJ142759.18+345416.7_S.png,ILTJ142759.18+345416.7,216.996589,34.904652,70.000000
283,ILTJ142759.23+341442.8_I.png,ILTJ142759.23+341442.8_Ip.png,ILTJ142759.23+341442.8_S.png,ILTJ142759.23+341442.8,216.996787,34.245248,40.000000
285,ILTJ142759.69+324739.1_I.png,ILTJ142759.69+324739.1_Ip.png,ILTJ142759.69+324739.1_S.png,ILTJ142759.69+324739.1,216.998722,32.794215,90.000000
281,ILTJ142800.08+345512.4_I.png,ILTJ142800.08+345512.4_Ip.png,ILTJ142800.08+345512.4_S.png,ILTJ142800.08+345512.4,217.000353,34.920126,90.000000
280,ILTJ142805.66+343241.5_I.png,ILTJ142805.66+343241.5_Ip.png,ILTJ142805.66+343241.5_S.png,ILTJ142805.66+343241.5,217.023586,34.544864,30.000000
278,ILTJ142810.98+344146.6_I.png,ILTJ142810.98+344146.6_Ip.png,ILTJ142810.98+344146.6_S.png,ILTJ142810.98+344146.6,217.045741,34.696277,40.000000
279,ILTJ142813.66+334212.5_I.png,ILTJ142813.66+334212.5_Ip.png,ILTJ142813.66+334212.5_S.png,ILTJ142813.66+334212.5,217.056924,33.703496,30.000000
276,ILTJ142814.71+352016.8_I.png,ILTJ142814.71+352016.8_Ip.png,ILTJ142814.71+352016.8_S.png,ILTJ142814.71+352016.8,217.061303,35.338015,30.000000
277,ILTJ142815.49+343612.4_I.png,ILTJ142815.49+343612.4_Ip.png,ILTJ142815.49+343612.4_S.png,ILTJ142815.49+343612.4,217.064540,34.603454,30.000000
275,ILTJ142817.28+343200.7_I.png,ILTJ142817.28+343200.7_Ip.png,ILTJ142817.28+343200.7_S.png,ILTJ142817.28+343200.7,217.072019,34.533527,30.000000
274,ILTJ142821.86+325959.3_I.png,ILTJ142821.86+325959.3_Ip.png,ILTJ142821.86+325959.3_S.png,ILTJ142821.86+325959.3,217.091076,32.999826,30.000000
272,ILTJ142822.39+344638.8_I.png,ILTJ142822.39+344638.8_Ip.png,ILTJ142822.39+344638.8_S.png,ILTJ142822.39+344638.8,217.093311,34.777468,40.000000
271,ILTJ142823.32+353029.5_I.png,ILTJ142823.32+353029.5_Ip.png,ILTJ142823.32+353029.5_S.png,ILTJ142823.32+353029.5,217.097153,35.508204,30.000000
273,ILTJ142824.85+322339.6_I.png,ILTJ142824.85+322339.6_Ip.png,ILTJ142824.85+322339.6_S.png,ILTJ142824.85+322339.6,217.103550,32.394343,30.000000
270,ILTJ142826.21+344543.9_I.png,ILTJ142826.21+344543.9_Ip.png,ILTJ142826.21+344543.9_S.png,ILTJ142826.21+344543.9,217.109226,34.762218,30.000000
269,ILTJ142826.50+342921.5_I.png,ILTJ142826.50+342921.5_Ip.png,ILTJ142826.50+342921.5_S.png,ILTJ142826.50+342921.5,217.110400,34.489322,50.000000
267,ILTJ142826.68+354038.4_I.png,ILTJ142826.68+354038.4_Ip.png,ILTJ142826.68+354038.4_S.png,ILTJ142826.68+354038.4,217.111146,35.677338,40.000000
265,ILTJ142828.89+351314.3_I.png,ILTJ142828.89+351314.3_Ip.png,ILTJ142828.89+351314.3_S.png,ILTJ142828.89+351314.3,217.120364,35.220652,30.000000
263,ILTJ142830.33+352433.3_I.png,ILTJ142830.33+352433.3_Ip.png,ILTJ142830.33+352433.3_S.png,ILTJ142830.33+352433.3,217.133955,35.420478,80.000000
268,ILTJ142831.10+330907.5_I.png,ILTJ142831.10+330907.5_Ip.png,ILTJ142831.10+330907.5_S.png,ILTJ142831.10+330907.5,217.129581,33.152097,30.000000
266,ILTJ142832.61+330523.7_I.png,ILTJ142832.61+330523.7_Ip.png,ILTJ142832.61+330523.7_S.png,ILTJ142832.61+330523.7,217.135867,33.089924,30.000000
261,ILTJ142833.24+352547.2_I.png,ILTJ142833.24+352547.2_Ip.png,ILTJ142833.24+352547.2_S.png,ILTJ142833.24+352547.2,217.138483,35.429793,40.000000
264,ILTJ142835.39+330533.8_I.png,ILTJ142835.39+330533.8_Ip.png,ILTJ142835.39+330533.8_S.png,ILTJ142835.39+330533.8,217.141763,33.091802,50.000000
262,ILTJ142836.44+331227.3_I.png,ILTJ142836.44+331227.3_Ip.png,ILTJ142836.44+331227.3_S.png,ILTJ142836.44+331227.3,217.151854,33.207583,60.000000
260,ILTJ142837.12+345030.6_I.png,ILTJ142837.12+345030.6_Ip.png,ILTJ142837.12+345030.6_S.png,ILTJ142837.12+345030.6,217.154659,34.841837,80.000000
257,ILTJ142842.36+342509.3_I.png,ILTJ142842.36+342509.3_Ip.png,ILTJ142842.36+342509.3_S.png,ILTJ142842.36+342509.3,217.176501,34.419265,90.000000
254,ILTJ142844.97+352540.3_I.png,ILTJ142844.97+352540.3_Ip.png,ILTJ142844.97+352540.3_S.png,ILTJ142844.97+352540.3,217.187357,35.427887,30.000000
258,ILTJ142845.20+330643.2_I.png,ILTJ142845.20+330643.2_Ip.png,ILTJ142845.20+330643.2_S.png,ILTJ142845.20+330643.2,217.188327,33.112009,30.000000
259,ILTJ142845.32+325547.0_I.png,ILTJ142845.32+325547.0_Ip.png,ILTJ142845.32+325547.0_S.png,ILTJ142845.32+325547.0,217.188832,32.929741,30.000000
256,ILTJ142847.67+334104.4_I.png,ILTJ142847.67+334104.4_Ip.png,ILTJ142847.67+334104.4_S.png,ILTJ142847.67+334104.4,217.198638,33.684574,50.000000
255,ILTJ142848.73+323822.8_I.png,ILTJ142848.73+323822.8_Ip.png,ILTJ142848.73+323822.8_S.png,ILTJ142848.73+323822.8,217.203047,32.639691,80.000000
253,ILTJ142850.83+344256.6_I.png,ILTJ142850.83+344256.6_Ip.png,ILTJ142850.83+344256.6_S.png,ILTJ142850.83+344256.6,217.211803,34.715724,30.000000
252,ILTJ142855.65+325419.9_I.png,ILTJ142855.65+325419.9_Ip.png,ILTJ142855.65+325419.9_S.png,ILTJ142855.65+325419.9,217.231855,32.905554,50.000000
250,ILTJ142900.28+353705.7_I.png,ILTJ142900.28+353705.7_Ip.png,ILTJ142900.28+353705.7_S.png,ILTJ142900.28+353705.7,217.251176,35.618268,40.000000
251,ILTJ142902.67+330219.0_I.png,ILTJ142902.67+330219.0_Ip.png,ILTJ142902.67+330219.0_S.png,ILTJ142902.67+330219.0,217.261107,33.044353,60.000000
249,ILTJ142908.62+345447.8_I.png,ILTJ142908.62+345447.8_Ip.png,ILTJ142908.62+345447.8_S.png,ILTJ142908.62+345447.8,217.285908,34.913285,30.000000
243,ILTJ142910.91+350321.1_I.png,ILTJ142910.91+350321.1_Ip.png,ILTJ142910.91+350321.1_S.png,ILTJ142910.91+350321.1,217.295459,35.055882,70.000000
248,ILTJ142911.66+333142.1_I.png,ILTJ142911.66+333142.1_Ip.png,ILTJ142911.66+333142.1_S.png,ILTJ142911.66+333142.1,217.298575,33.528380,30.000000
246,ILTJ142912.11+332641.9_I.png,ILTJ142912.11+332641.9_Ip.png,ILTJ142912.11+332641.9_S.png,ILTJ142912.11+332641.9,217.300469,33.444980,90.000000
244,ILTJ142913.63+335617.7_I.png,ILTJ142913.63+335617.7_Ip.png,ILTJ142913.63+335617.7_S.png,ILTJ142913.63+335617.7,217.306779,33.938252,40.000000
245,ILTJ142915.16+330348.8_I.png,ILTJ142915.16+330348.8_Ip.png,ILTJ142915.16+330348.8_S.png,ILTJ142915.16+330348.8,217.313165,33.063570,60.000000
247,ILTJ142916.61+322550.5_I.png,ILTJ142916.61+322550.5_Ip.png,ILTJ142916.61+322550.5_S.png,ILTJ142916.61+322550.5,217.319197,32.430697,30.000000
242,ILTJ142918.11+323605.8_I.png,ILTJ142918.11+323605.8_Ip.png,ILTJ142918.11+323605.8_S.png,ILTJ142918.11+323605.8,217.325464,32.601617,60.000000
241,ILTJ142918.21+335043.0_I.png,ILTJ142918.21+335043.0_Ip.png,ILTJ142918.21+335043.0_S.png,ILTJ142918.21+335043.0,217.325854,33.845286,30.000000
238,ILTJ142918.60+343719.6_I.png,ILTJ142918.60+343719.6_Ip.png,ILTJ142918.60+343719.6_S.png,ILTJ142918.60+343719.6,217.327495,34.622133,30.000000
240,ILTJ142920.30+325853.1_I.png,ILTJ142920.30+325853.1_Ip.png,ILTJ142920.30+325853.1_S.png,ILTJ142920.30+325853.1,217.339757,32.978363,50.000000
239,ILTJ142921.12+324628.8_I.png,ILTJ142921.12+324628.8_Ip.png,ILTJ142921.12+324628.8_S.png,ILTJ142921.12+324628.8,217.338020,32.774673,70.000000
237,ILTJ142921.39+335422.9_I.png,ILTJ142921.39+335422.9_Ip.png,ILTJ142921.39+335422.9_S.png,ILTJ142921.39+335422.9,217.339121,33.906380,40.000000
236,ILTJ142923.45+341954.1_I.png,ILTJ142923.45+341954.1_Ip.png,ILTJ142923.45+341954.1_S.png,ILTJ142923.45+341954.1,217.350011,34.341149,90.000000
233,ILTJ142923.65+352853.6_I.png,ILTJ142923.65+352853.6_Ip.png,ILTJ142923.65+352853.6_S.png,ILTJ142923.65+352853.6,217.348557,35.481567,40.000000
235,ILTJ142924.04+342045.3_I.png,ILTJ142924.04+342045.3_Ip.png,ILTJ142924.04+342045.3_S.png,ILTJ142924.04+342045.3,217.350157,34.345927,60.000000
234,ILTJ142926.87+331814.5_I.png,ILTJ142926.87+331814.5_Ip.png,ILTJ142926.87+331814.5_S.png,ILTJ142926.87+331814.5,217.361969,33.304031,50.000000
231,ILTJ142930.45+350308.7_I.png,ILTJ142930.45+350308.7_Ip.png,ILTJ142930.45+350308.7_S.png,ILTJ142930.45+350308.7,217.376877,35.052440,30.000000
230,ILTJ142931.24+355028.5_I.png,ILTJ142931.24+355028.5_Ip.png,ILTJ142931.24+355028.5_S.png,ILTJ142931.24+355028.5,217.380174,35.841274,30.000000
232,ILTJ142933.36+324720.4_I.png,ILTJ142933.36+324720.4_Ip.png,ILTJ142933.36+324720.4_S.png,ILTJ142933.36+324720.4,217.389010,32.789005,30.000000
229,ILTJ142933.53+351925.8_I.png,ILTJ142933.53+351925.8_Ip.png,ILTJ142933.53+351925.8_S.png,ILTJ142933.53+351925.8,217.389702,35.323858,30.000000
228,ILTJ142934.12+352743.0_I.png,ILTJ142934.12+352743.0_Ip.png,ILTJ142934.12+352743.0_S.png,ILTJ142934.12+352743.0,217.392152,35.461961,50.000000
226,ILTJ142936.80+344118.2_I.png,ILTJ142936.80+344118.2_Ip.png,ILTJ142936.80+344118.2_S.png,ILTJ142936.80+344118.2,217.403339,34.688407,70.000000
225,ILTJ142939.80+335715.0_I.png,ILTJ142939.80+335715.0_Ip.png,ILTJ142939.80+335715.0_S.png,ILTJ142939.80+335715.0,217.415815,33.954185,60.000000
227,ILTJ142940.41+325756.5_I.png,ILTJ142940.41+325756.5_Ip.png,ILTJ142940.41+325756.5_S.png,ILTJ142940.41+325756.5,217.418389,32.965716,40.000000
224,ILTJ142940.51+343632.2_I.png,ILTJ142940.51+343632.2_Ip.png,ILTJ142940.51+343632.2_S.png,ILTJ142940.51+343632.2,217.418794,34.608970,70.000000
223,ILTJ142946.99+335627.2_I.png,ILTJ142946.99+335627.2_Ip.png,ILTJ142946.99+335627.2_S.png,ILTJ142946.99+335627.2,217.444623,33.938789,40.000000
220,ILTJ142948.69+351747.8_I.png,ILTJ142948.69+351747.8_Ip.png,ILTJ142948.69+351747.8_S.png,ILTJ142948.69+351747.8,217.452867,35.296637,30.000000
222,ILTJ142948.77+330840.4_I.png,ILTJ142948.77+330840.4_Ip.png,ILTJ142948.77+330840.4_S.png,ILTJ142948.77+330840.4,217.453209,33.144559,50.000000
221,ILTJ142949.91+323344.2_I.png,ILTJ142949.91+323344.2_Ip.png,ILTJ142949.91+323344.2_S.png,ILTJ142949.91+323344.2,217.457956,32.562282,30.000000
218,ILTJ142953.29+330536.4_I.png,ILTJ142953.29+330536.4_Ip.png,ILTJ142953.29+330536.4_S.png,ILTJ142953.29+330536.4,217.472028,33.093446,60.000000
219,ILTJ142954.73+324125.0_I.png,ILTJ142954.73+324125.0_Ip.png,ILTJ142954.73+324125.0_S.png,ILTJ142954.73+324125.0,217.478054,32.690287,30.000000
217,ILTJ142955.44+340127.2_I.png,ILTJ142955.44+340127.2_Ip.png,ILTJ142955.44+340127.2_S.png,ILTJ142955.44+340127.2,217.480997,34.024227,30.000000
216,ILTJ142955.59+331708.8_I.png,ILTJ142955.59+331708.8_Ip.png,ILTJ142955.59+331708.8_S.png,ILTJ142955.59+331708.8,217.481630,33.285797,30.000000
215,ILTJ142955.83+351925.7_I.png,ILTJ142955.83+351925.7_Ip.png,ILTJ142955.83+351925.7_S.png,ILTJ142955.83+351925.7,217.482634,35.323810,30.000000
213,ILTJ142956.91+353624.5_I.png,ILTJ142956.91+353624.5_Ip.png,ILTJ142956.91+353624.5_S.png,ILTJ142956.91+353624.5,217.487141,35.606818,40.000000
214,ILTJ142958.42+333108.4_I.png,ILTJ142958.42+333108.4_Ip.png,ILTJ142958.42+333108.4_S.png,ILTJ142958.42+333108.4,217.493417,33.518999,30.000000
212,ILTJ143002.67+331718.5_I.png,ILTJ143002.67+331718.5_Ip.png,ILTJ143002.67+331718.5_S.png,ILTJ143002.67+331718.5,217.511144,33.288485,40.000000
211,ILTJ143006.27+352108.3_I.png,ILTJ143006.27+352108.3_Ip.png,ILTJ143006.27+352108.3_S.png,ILTJ143006.27+352108.3,217.526124,35.352311,50.000000
210,ILTJ143008.44+325837.0_I.png,ILTJ143008.44+325837.0_Ip.png,ILTJ143008.44+325837.0_S.png,ILTJ143008.44+325837.0,217.535170,32.976949,60.000000
209,ILTJ143009.43+343305.1_I.png,ILTJ143009.43+343305.1_Ip.png,ILTJ143009.43+343305.1_S.png,ILTJ143009.43+343305.1,217.539304,34.551430,30.000000
205,ILTJ143010.50+353527.1_I.png,ILTJ143010.50+353527.1_Ip.png,ILTJ143010.50+353527.1_S.png,ILTJ143010.50+353527.1,217.543750,35.590880,30.000000
204,ILTJ143011.81+350019.3_I.png,ILTJ143011.81+350019.3_Ip.png,ILTJ143011.81+350019.3_S.png,ILTJ143011.81+350019.3,217.549200,35.005374,30.000000
207,ILTJ143012.13+331438.0_I.png,ILTJ143012.13+331438.0_Ip.png,ILTJ143012.13+331438.0_S.png,ILTJ143012.13+331438.0,217.550539,33.243896,30.000000
203,ILTJ143012.60+345611.7_I.png,ILTJ143012.60+345611.7_Ip.png,ILTJ143012.60+345611.7_S.png,ILTJ143012.60+345611.7,217.552517,34.936582,30.000000
208,ILTJ143012.83+324846.5_I.png,ILTJ143012.83+324846.5_Ip.png,ILTJ143012.83+324846.5_S.png,ILTJ143012.83+324846.5,217.553458,32.812919,30.000000
202,ILTJ143013.23+325557.5_I.png,ILTJ143013.23+325557.5_Ip.png,ILTJ143013.23+325557.5_S.png,ILTJ143013.23+325557.5,217.555112,32.932641,60.000000
206,ILTJ143014.12+324820.3_I.png,ILTJ143014.12+324820.3_Ip.png,ILTJ143014.12+324820.3_S.png,ILTJ143014.12+324820.3,217.558848,32.805662,30.000000
199,ILTJ143022.83+343726.9_I.png,ILTJ143022.83+343726.9_Ip.png,ILTJ143022.83+343726.9_S.png,ILTJ143022.83+343726.9,217.595124,34.624139,30.000000
200,ILTJ143024.55+325618.1_I.png,ILTJ143024.55+325618.1_Ip.png,ILTJ143024.55+325618.1_S.png,ILTJ143024.55+325618.1,217.604561,32.932521,60.000000
194,ILTJ143025.55+351916.0_I.png,ILTJ143025.55+351916.0_Ip.png,ILTJ143025.55+351916.0_S.png,ILTJ143025.55+351916.0,217.606466,35.321114,50.000000
198,ILTJ143025.61+325532.5_I.png,ILTJ143025.61+325532.5_Ip.png,ILTJ143025.61+325532.5_S.png,ILTJ143025.61+325532.5,217.604561,32.932521,60.000000
196,ILTJ143026.40+351655.3_I.png,ILTJ143026.40+351655.3_Ip.png,ILTJ143026.40+351655.3_S.png,ILTJ143026.40+351655.3,217.610010,35.282046,30.000000
197,ILTJ143026.59+341418.4_I.png,ILTJ143026.59+341418.4_Ip.png,ILTJ143026.59+341418.4_S.png,ILTJ143026.59+341418.4,217.610784,34.238465,30.000000
195,ILTJ143027.74+332248.9_I.png,ILTJ143027.74+332248.9_Ip.png,ILTJ143027.74+332248.9_S.png,ILTJ143027.74+332248.9,217.615576,33.380251,30.000000
193,ILTJ143040.18+334207.9_I.png,ILTJ143040.18+334207.9_Ip.png,ILTJ143040.18+334207.9_S.png,ILTJ143040.18+334207.9,217.667408,33.702210,30.000000
192,ILTJ143041.32+330030.9_I.png,ILTJ143041.32+330030.9_Ip.png,ILTJ143041.32+330030.9_S.png,ILTJ143041.32+330030.9,217.672155,33.008603,30.000000
190,ILTJ143042.97+354248.4_I.png,ILTJ143042.97+354248.4_Ip.png,ILTJ143042.97+354248.4_S.png,ILTJ143042.97+354248.4,217.679022,35.713445,30.000000
191,ILTJ143042.99+350436.9_I.png,ILTJ143042.99+350436.9_Ip.png,ILTJ143042.99+350436.9_S.png,ILTJ143042.99+350436.9,217.679141,35.076926,40.000000
189,ILTJ143048.31+333317.7_I.png,ILTJ143048.31+333317.7_Ip.png,ILTJ143048.31+333317.7_S.png,ILTJ143048.31+333317.7,217.701280,33.554937,60.000000
188,ILTJ143051.98+331317.6_I.png,ILTJ143051.98+331317.6_Ip.png,ILTJ143051.98+331317.6_S.png,ILTJ143051.98+331317.6,217.716575,33.221578,80.000000
187,ILTJ143052.57+335558.7_I.png,ILTJ143052.57+335558.7_Ip.png,ILTJ143052.57+335558.7_S.png,ILTJ143052.57+335558.7,217.721680,33.927220,60.000000
186,ILTJ143053.89+335519.6_I.png,ILTJ143053.89+335519.6_Ip.png,ILTJ143053.89+335519.6_S.png,ILTJ143053.89+335519.6,217.721680,33.927220,60.000000
183,ILTJ143059.17+352135.2_I.png,ILTJ143059.17+352135.2_Ip.png,ILTJ143059.17+352135.2_S.png,ILTJ143059.17+352135.2,217.749072,35.365962,70.000000
185,ILTJ143059.65+330416.9_I.png,ILTJ143059.65+330416.9_Ip.png,ILTJ143059.65+330416.9_S.png,ILTJ143059.65+330416.9,217.748525,33.071366,40.000000
184,ILTJ143059.90+333622.6_I.png,ILTJ143059.90+333622.6_Ip.png,ILTJ143059.90+333622.6_S.png,ILTJ143059.90+333622.6,217.749590,33.606303,30.000000
181,ILTJ143100.19+352221.6_I.png,ILTJ143100.19+352221.6_Ip.png,ILTJ143100.19+352221.6_S.png,ILTJ143100.19+352221.6,217.749072,35.365962,70.000000
182,ILTJ143100.55+353633.3_I.png,ILTJ143100.55+353633.3_Ip.png,ILTJ143100.55+353633.3_S.png,ILTJ143100.55+353633.3,217.752274,35.609260,30.000000
179,ILTJ143104.28+334548.1_I.png,ILTJ143104.28+334548.1_Ip.png,ILTJ143104.28+334548.1_S.png,ILTJ143104.28+334548.1,217.767823,33.763365,90.000000
180,ILTJ143105.65+324925.8_I.png,ILTJ143105.65+324925.8_Ip.png,ILTJ143105.65+324925.8_S.png,ILTJ143105.65+324925.8,217.773547,32.823848,30.000000
178,ILTJ143109.19+345544.2_I.png,ILTJ143109.19+345544.2_Ip.png,ILTJ143109.19+345544.2_S.png,ILTJ143109.19+345544.2,217.788283,34.928951,30.000000
177,ILTJ143113.12+345321.6_I.png,ILTJ143113.12+345321.6_Ip.png,ILTJ143113.12+345321.6_S.png,ILTJ143113.12+345321.6,217.804677,34.889342,40.000000
176,ILTJ143114.10+325447.2_I.png,ILTJ143114.10+325447.2_Ip.png,ILTJ143114.10+325447.2_S.png,ILTJ143114.10+325447.2,217.808764,32.913121,30.000000
175,ILTJ143118.06+351550.2_I.png,ILTJ143118.06+351550.2_Ip.png,ILTJ143118.06+351550.2_S.png,ILTJ143118.06+351550.2,217.825238,35.263948,40.000000
174,ILTJ143118.80+325219.5_I.png,ILTJ143118.80+325219.5_Ip.png,ILTJ143118.80+325219.5_S.png,ILTJ143118.80+325219.5,217.833618,32.876532,70.000000
170,ILTJ143121.55+353522.8_I.png,ILTJ143121.55+353522.8_Ip.png,ILTJ143121.55+353522.8_S.png,ILTJ143121.55+353522.8,217.839771,35.589688,70.000000
173,ILTJ143121.78+343930.1_I.png,ILTJ143121.78+343930.1_Ip.png,ILTJ143121.78+343930.1_S.png,ILTJ143121.78+343930.1,217.843341,34.668319,90.000000
172,ILTJ143122.26+325255.4_I.png,ILTJ143122.26+325255.4_Ip.png,ILTJ143122.26+325255.4_S.png,ILTJ143122.26+325255.4,217.833618,32.876532,70.000000
171,ILTJ143122.68+344028.5_I.png,ILTJ143122.68+344028.5_Ip.png,ILTJ143122.68+344028.5_S.png,ILTJ143122.68+344028.5,217.843341,34.668319,90.000000
169,ILTJ143125.25+331349.3_I.png,ILTJ143125.25+331349.3_Ip.png,ILTJ143125.25+331349.3_S.png,ILTJ143125.25+331349.3,217.855192,33.230360,30.000000
168,ILTJ143125.75+353727.3_I.png,ILTJ143125.75+353727.3_Ip.png,ILTJ143125.75+353727.3_S.png,ILTJ143125.75+353727.3,217.848174,35.623562,70.000000
167,ILTJ143125.85+344107.3_I.png,ILTJ143125.85+344107.3_Ip.png,ILTJ143125.85+344107.3_S.png,ILTJ143125.85+344107.3,217.857710,34.685384,60.000000
166,ILTJ143127.26+342510.9_I.png,ILTJ143127.26+342510.9_Ip.png,ILTJ143127.26+342510.9_S.png,ILTJ143127.26+342510.9,217.863591,34.419712,30.000000
165,ILTJ143130.14+342824.8_I.png,ILTJ143130.14+342824.8_Ip.png,ILTJ143130.14+342824.8_S.png,ILTJ143130.14+342824.8,217.875589,34.473560,30.000000
163,ILTJ143134.32+332320.6_I.png,ILTJ143134.32+332320.6_Ip.png,ILTJ143134.32+332320.6_S.png,ILTJ143134.32+332320.6,217.892995,33.389056,30.000000
164,ILTJ143134.97+345837.0_I.png,ILTJ143134.97+345837.0_Ip.png,ILTJ143134.97+345837.0_S.png,ILTJ143134.97+345837.0,217.895725,34.976949,30.000000
162,ILTJ143137.94+353233.6_I.png,ILTJ143137.94+353233.6_Ip.png,ILTJ143137.94+353233.6_S.png,ILTJ143137.94+353233.6,217.908104,35.542682,60.000000
161,ILTJ143139.73+343453.0_I.png,ILTJ143139.73+343453.0_Ip.png,ILTJ143139.73+343453.0_S.png,ILTJ143139.73+343453.0,217.915542,34.581400,30.000000
160,ILTJ143142.72+351248.5_I.png,ILTJ143142.72+351248.5_Ip.png,ILTJ143142.72+351248.5_S.png,ILTJ143142.72+351248.5,217.928016,35.213479,30.000000
159,ILTJ143143.74+351422.5_I.png,ILTJ143143.74+351422.5_Ip.png,ILTJ143143.74+351422.5_S.png,ILTJ143143.74+351422.5,217.932255,35.239593,30.000000
158,ILTJ143145.21+325237.4_I.png,ILTJ143145.21+325237.4_Ip.png,ILTJ143145.21+325237.4_S.png,ILTJ143145.21+325237.4,217.946808,32.877272,70.000000
157,ILTJ143152.26+323215.5_I.png,ILTJ143152.26+323215.5_Ip.png,ILTJ143152.26+323215.5_S.png,ILTJ143152.26+323215.5,217.967766,32.537659,40.000000
156,ILTJ143152.90+330810.5_I.png,ILTJ143152.90+330810.5_Ip.png,ILTJ143152.90+330810.5_S.png,ILTJ143152.90+330810.5,217.970398,33.136265,30.000000
154,ILTJ143156.19+333830.3_I.png,ILTJ143156.19+333830.3_Ip.png,ILTJ143156.19+333830.3_S.png,ILTJ143156.19+333830.3,217.984140,33.641754,30.000000
155,ILTJ143156.39+324227.6_I.png,ILTJ143156.39+324227.6_Ip.png,ILTJ143156.39+324227.6_S.png,ILTJ143156.39+324227.6,217.990969,32.707588,70.000000
153,ILTJ143158.42+342514.3_I.png,ILTJ143158.42+342514.3_Ip.png,ILTJ143158.42+342514.3_S.png,ILTJ143158.42+342514.3,217.993437,34.420661,30.000000
151,ILTJ143159.65+324224.4_I.png,ILTJ143159.65+324224.4_Ip.png,ILTJ143159.65+324224.4_S.png,ILTJ143159.65+324224.4,217.990969,32.707588,70.000000
152,ILTJ143200.51+353859.7_I.png,ILTJ143200.51+353859.7_Ip.png,ILTJ143200.51+353859.7_S.png,ILTJ143200.51+353859.7,218.002108,35.649941,40.000000
150,ILTJ143200.83+351747.4_I.png,ILTJ143200.83+351747.4_Ip.png,ILTJ143200.83+351747.4_S.png,ILTJ143200.83+351747.4,218.000066,35.290875,70.000000
149,ILTJ143201.53+332449.5_I.png,ILTJ143201.53+332449.5_Ip.png,ILTJ143201.53+332449.5_S.png,ILTJ143201.53+332449.5,218.006372,33.413770,60.000000
148,ILTJ143203.65+340405.7_I.png,ILTJ143203.65+340405.7_Ip.png,ILTJ143203.65+340405.7_S.png,ILTJ143203.65+340405.7,218.015211,34.068273,40.000000
147,ILTJ143205.40+331728.3_I.png,ILTJ143205.40+331728.3_Ip.png,ILTJ143205.40+331728.3_S.png,ILTJ143205.40+331728.3,218.029999,33.289904,50.000000
145,ILTJ143207.29+345807.5_I.png,ILTJ143207.29+345807.5_Ip.png,ILTJ143207.29+345807.5_S.png,ILTJ143207.29+345807.5,218.030359,34.968760,30.000000
146,ILTJ143207.33+340558.4_I.png,ILTJ143207.33+340558.4_Ip.png,ILTJ143207.33+340558.4_S.png,ILTJ143207.33+340558.4,218.030522,34.099566,30.000000
144,ILTJ143209.43+333510.3_I.png,ILTJ143209.43+333510.3_Ip.png,ILTJ143209.43+333510.3_S.png,ILTJ143209.43+333510.3,218.039288,33.586214,30.000000
143,ILTJ143210.16+325433.8_I.png,ILTJ143210.16+325433.8_Ip.png,ILTJ143210.16+325433.8_S.png,ILTJ143210.16+325433.8,218.042316,32.909413,30.000000
136,ILTJ143210.85+341131.4_I.png,ILTJ143210.85+341131.4_Ip.png,ILTJ143210.85+341131.4_S.png,ILTJ143210.85+341131.4,218.045191,34.192063,90.000000
141,ILTJ143211.05+354202.4_I.png,ILTJ143211.05+354202.4_Ip.png,ILTJ143211.05+354202.4_S.png,ILTJ143211.05+354202.4,218.046038,35.700692,30.000000
140,ILTJ143211.36+331323.0_I.png,ILTJ143211.36+331323.0_Ip.png,ILTJ143211.36+331323.0_S.png,ILTJ143211.36+331323.0,218.047317,33.223081,30.000000
142,ILTJ143211.49+324359.0_I.png,ILTJ143211.49+324359.0_Ip.png,ILTJ143211.49+324359.0_S.png,ILTJ143211.49+324359.0,218.047859,32.733066,30.000000
138,ILTJ143212.11+345641.5_I.png,ILTJ143212.11+345641.5_Ip.png,ILTJ143212.11+345641.5_S.png,ILTJ143212.11+345641.5,218.060697,34.945413,80.000000
139,ILTJ143212.20+345922.8_I.png,ILTJ143212.20+345922.8_Ip.png,ILTJ143212.20+345922.8_S.png,ILTJ143212.20+345922.8,218.050845,34.989681,30.000000
137,ILTJ143214.01+351340.1_I.png,ILTJ143214.01+351340.1_Ip.png,ILTJ143214.01+351340.1_S.png,ILTJ143214.01+351340.1,218.058389,35.227815,40.000000
133,ILTJ143214.66+341751.7_I.png,ILTJ143214.66+341751.7_Ip.png,ILTJ143214.66+341751.7_S.png,ILTJ143214.66+341751.7,218.061067,34.297704,30.000000
135,ILTJ143215.11+353721.3_I.png,ILTJ143215.11+353721.3_Ip.png,ILTJ143215.11+353721.3_S.png,ILTJ143215.11+353721.3,218.062963,35.622609,30.000000
134,ILTJ143215.32+342651.1_I.png,ILTJ143215.32+342651.1_Ip.png,ILTJ143215.32+342651.1_S.png,ILTJ143215.32+342651.1,218.062473,34.440980,50.000000
132,ILTJ143216.66+345643.4_I.png,ILTJ143216.66+345643.4_Ip.png,ILTJ143216.66+345643.4_S.png,ILTJ143216.66+345643.4,218.060697,34.945413,80.000000
131,ILTJ143217.61+325348.7_I.png,ILTJ143217.61+325348.7_Ip.png,ILTJ143217.61+325348.7_S.png,ILTJ143217.61+325348.7,218.073369,32.896860,30.000000
130,ILTJ143223.16+323859.8_I.png,ILTJ143223.16+323859.8_Ip.png,ILTJ143223.16+323859.8_S.png,ILTJ143223.16+323859.8,218.096484,32.649958,30.000000
129,ILTJ143224.14+332435.6_I.png,ILTJ143224.14+332435.6_Ip.png,ILTJ143224.14+332435.6_S.png,ILTJ143224.14+332435.6,218.100590,33.409893,40.000000
128,ILTJ143225.41+345053.6_I.png,ILTJ143225.41+345053.6_Ip.png,ILTJ143225.41+345053.6_S.png,ILTJ143225.41+345053.6,218.105890,34.848245,30.000000
127,ILTJ143227.77+354603.4_I.png,ILTJ143227.77+354603.4_Ip.png,ILTJ143227.77+354603.4_S.png,ILTJ143227.77+354603.4,218.115689,35.767623,50.000000
126,ILTJ143234.41+354521.3_I.png,ILTJ143234.41+354521.3_Ip.png,ILTJ143234.41+354521.3_S.png,ILTJ143234.41+354521.3,218.143379,35.755932,90.000000
125,ILTJ143243.09+322121.1_I.png,ILTJ143243.09+322121.1_Ip.png,ILTJ143243.09+322121.1_S.png,ILTJ143243.09+322121.1,218.179524,32.355879,60.000000
123,ILTJ143248.76+332044.1_I.png,ILTJ143248.76+332044.1_Ip.png,ILTJ143248.76+332044.1_S.png,ILTJ143248.76+332044.1,218.203173,33.345590,30.000000
124,ILTJ143248.82+343159.9_I.png,ILTJ143248.82+343159.9_Ip.png,ILTJ143248.82+343159.9_S.png,ILTJ143248.82+343159.9,218.203402,34.533325,30.000000
122,ILTJ143251.34+322057.8_I.png,ILTJ143251.34+322057.8_Ip.png,ILTJ143251.34+322057.8_S.png,ILTJ143251.34+322057.8,218.213905,32.349393,50.000000
120,ILTJ143259.33+333254.2_I.png,ILTJ143259.33+333254.2_Ip.png,ILTJ143259.33+333254.2_S.png,ILTJ143259.33+333254.2,218.247221,33.548404,30.000000
119,ILTJ143303.09+342106.7_I.png,ILTJ143303.09+342106.7_Ip.png,ILTJ143303.09+342106.7_S.png,ILTJ143303.09+342106.7,218.262869,34.351869,30.000000
118,ILTJ143304.44+325808.5_I.png,ILTJ143304.44+325808.5_Ip.png,ILTJ143304.44+325808.5_S.png,ILTJ143304.44+325808.5,218.268482,32.969044,30.000000
116,ILTJ143306.71+354246.6_I.png,ILTJ143306.71+354246.6_Ip.png,ILTJ143306.71+354246.6_S.png,ILTJ143306.71+354246.6,218.277949,35.712964,50.000000
117,ILTJ143307.13+342716.7_I.png,ILTJ143307.13+342716.7_Ip.png,ILTJ143307.13+342716.7_S.png,ILTJ143307.13+342716.7,218.279705,34.454638,30.000000
114,ILTJ143309.61+333610.3_I.png,ILTJ143309.61+333610.3_Ip.png,ILTJ143309.61+333610.3_S.png,ILTJ143309.61+333610.3,218.290053,33.602875,70.000000
115,ILTJ143310.08+350101.9_I.png,ILTJ143310.08+350101.9_Ip.png,ILTJ143310.08+350101.9_S.png,ILTJ143310.08+350101.9,218.292016,35.017213,30.000000
113,ILTJ143313.77+334018.1_I.png,ILTJ143313.77+334018.1_Ip.png,ILTJ143313.77+334018.1_S.png,ILTJ143313.77+334018.1,218.307391,33.671700,60.000000
112,ILTJ143315.62+332858.8_I.png,ILTJ143315.62+332858.8_Ip.png,ILTJ143315.62+332858.8_S.png,ILTJ143315.62+332858.8,218.315095,33.483005,90.000000
110,ILTJ143317.98+345104.4_I.png,ILTJ143317.98+345104.4_Ip.png,ILTJ143317.98+345104.4_S.png,ILTJ143317.98+345104.4,218.324933,34.851236,90.000000
111,ILTJ143318.74+344356.6_I.png,ILTJ143318.74+344356.6_Ip.png,ILTJ143318.74+344356.6_S.png,ILTJ143318.74+344356.6,218.328102,34.732403,50.000000
108,ILTJ143324.40+354611.3_I.png,ILTJ143324.40+354611.3_Ip.png,ILTJ143324.40+354611.3_S.png,ILTJ143324.40+354611.3,218.351661,35.769821,90.000000
109,ILTJ143325.57+354201.0_I.png,ILTJ143325.57+354201.0_Ip.png,ILTJ143325.57+354201.0_S.png,ILTJ143325.57+354201.0,218.356544,35.700279,30.000000
106,ILTJ143326.49+333457.4_I.png,ILTJ143326.49+333457.4_Ip.png,ILTJ143326.49+333457.4_S.png,ILTJ143326.49+333457.4,218.360383,33.582612,50.000000
107,ILTJ143327.32+343431.8_I.png,ILTJ143327.32+343431.8_Ip.png,ILTJ143327.32+343431.8_S.png,ILTJ143327.32+343431.8,218.369414,34.575521,60.000000
104,ILTJ143330.10+343442.5_I.png,ILTJ143330.10+343442.5_Ip.png,ILTJ143330.10+343442.5_S.png,ILTJ143330.10+343442.5,218.369414,34.575521,60.000000
105,ILTJ143330.14+354409.7_I.png,ILTJ143330.14+354409.7_Ip.png,ILTJ143330.14+354409.7_S.png,ILTJ143330.14+354409.7,218.375578,35.736041,40.000000
103,ILTJ143339.34+334155.2_I.png,ILTJ143339.34+334155.2_Ip.png,ILTJ143339.34+334155.2_S.png,ILTJ143339.34+334155.2,218.413905,33.698685,30.000000
102,ILTJ143339.93+341132.9_I.png,ILTJ143339.93+341132.9_Ip.png,ILTJ143339.93+341132.9_S.png,ILTJ143339.93+341132.9,218.427684,34.194300,80.000000
101,ILTJ143342.01+332859.7_I.png,ILTJ143342.01+332859.7_Ip.png,ILTJ143342.01+332859.7_S.png,ILTJ143342.01+332859.7,218.425051,33.483266,30.000000
100,ILTJ143344.05+332118.3_I.png,ILTJ143344.05+332118.3_Ip.png,ILTJ143344.05+332118.3_S.png,ILTJ143344.05+332118.3,218.433556,33.355101,30.000000
99,ILTJ143345.27+341146.1_I.png,ILTJ143345.27+341146.1_Ip.png,ILTJ143345.27+341146.1_S.png,ILTJ143345.27+341146.1,218.427684,34.194300,80.000000
95,ILTJ143345.98+325717.3_I.png,ILTJ143345.98+325717.3_Ip.png,ILTJ143345.98+325717.3_S.png,ILTJ143345.98+325717.3,218.441578,32.954821,40.000000
97,ILTJ143346.36+340017.3_I.png,ILTJ143346.36+340017.3_Ip.png,ILTJ143346.36+340017.3_S.png,ILTJ143346.36+340017.3,218.443170,34.004807,30.000000
98,ILTJ143346.54+344415.6_I.png,ILTJ143346.54+344415.6_Ip.png,ILTJ143346.54+344415.6_S.png,ILTJ143346.54+344415.6,218.443937,34.737669,30.000000
96,ILTJ143347.30+342406.7_I.png,ILTJ143347.30+342406.7_Ip.png,ILTJ143347.30+342406.7_S.png,ILTJ143347.30+342406.7,218.447104,34.401887,30.000000
93,ILTJ143350.50+331831.6_I.png,ILTJ143350.50+331831.6_Ip.png,ILTJ143350.50+331831.6_S.png,ILTJ143350.50+331831.6,218.460437,33.308799,30.000000
92,ILTJ143352.41+325254.4_I.png,ILTJ143352.41+325254.4_Ip.png,ILTJ143352.41+325254.4_S.png,ILTJ143352.41+325254.4,218.468387,32.881804,30.000000
94,ILTJ143353.28+354243.9_I.png,ILTJ143353.28+354243.9_Ip.png,ILTJ143353.28+354243.9_S.png,ILTJ143353.28+354243.9,218.471996,35.712195,30.000000
91,ILTJ143355.66+341105.8_I.png,ILTJ143355.66+341105.8_Ip.png,ILTJ143355.66+341105.8_S.png,ILTJ143355.66+341105.8,218.481932,34.184964,40.000000
89,ILTJ143356.78+332955.5_I.png,ILTJ143356.78+332955.5_Ip.png,ILTJ143356.78+332955.5_S.png,ILTJ143356.78+332955.5,218.479878,33.493395,60.000000
90,ILTJ143400.07+354727.9_I.png,ILTJ143400.07+354727.9_Ip.png,ILTJ143400.07+354727.9_S.png,ILTJ143400.07+354727.9,218.500287,35.791101,30.000000
88,ILTJ143407.20+355316.4_I.png,ILTJ143407.20+355316.4_Ip.png,ILTJ143407.20+355316.4_S.png,ILTJ143407.20+355316.4,218.530004,35.887902,40.000000
87,ILTJ143408.19+341934.9_I.png,ILTJ143408.19+341934.9_Ip.png,ILTJ143408.19+341934.9_S.png,ILTJ143408.19+341934.9,218.534130,34.326365,30.000000
86,ILTJ143409.23+350835.0_I.png,ILTJ143409.23+350835.0_Ip.png,ILTJ143409.23+350835.0_S.png,ILTJ143409.23+350835.0,218.538461,35.143066,30.000000
85,ILTJ143410.03+332818.5_I.png,ILTJ143410.03+332818.5_Ip.png,ILTJ143410.03+332818.5_S.png,ILTJ143410.03+332818.5,218.541807,33.471818,40.000000
84,ILTJ143410.36+331144.4_I.png,ILTJ143410.36+331144.4_Ip.png,ILTJ143410.36+331144.4_S.png,ILTJ143410.36+331144.4,218.543176,33.195672,90.000000
82,ILTJ143413.79+345504.5_I.png,ILTJ143413.79+345504.5_Ip.png,ILTJ143413.79+345504.5_S.png,ILTJ143413.79+345504.5,218.557464,34.917926,40.000000
83,ILTJ143414.16+334249.6_I.png,ILTJ143414.16+334249.6_Ip.png,ILTJ143414.16+334249.6_S.png,ILTJ143414.16+334249.6,218.559014,33.713798,30.000000
81,ILTJ143417.52+345718.6_I.png,ILTJ143417.52+345718.6_Ip.png,ILTJ143417.52+345718.6_S.png,ILTJ143417.52+345718.6,218.572994,34.955184,30.000000
79,ILTJ143422.01+340512.7_I.png,ILTJ143422.01+340512.7_Ip.png,ILTJ143422.01+340512.7_S.png,ILTJ143422.01+340512.7,218.591716,34.086862,30.000000
80,ILTJ143423.12+345257.3_I.png,ILTJ143423.12+345257.3_Ip.png,ILTJ143423.12+345257.3_S.png,ILTJ143423.12+345257.3,218.596349,34.882600,30.000000
77,ILTJ143423.29+331432.0_I.png,ILTJ143423.29+331432.0_Ip.png,ILTJ143423.29+331432.0_S.png,ILTJ143423.29+331432.0,218.597052,33.242232,30.000000
76,ILTJ143425.03+344842.9_I.png,ILTJ143425.03+344842.9_Ip.png,ILTJ143425.03+344842.9_S.png,ILTJ143425.03+344842.9,218.604304,34.811943,50.000000
75,ILTJ143426.19+342811.5_I.png,ILTJ143426.19+342811.5_Ip.png,ILTJ143426.19+342811.5_S.png,ILTJ143426.19+342811.5,218.609110,34.469865,40.000000
78,ILTJ143426.22+353205.5_I.png,ILTJ143426.22+353205.5_Ip.png,ILTJ143426.22+353205.5_S.png,ILTJ143426.22+353205.5,218.609232,35.534874,30.000000
74,ILTJ143430.56+330129.3_I.png,ILTJ143430.56+330129.3_Ip.png,ILTJ143430.56+330129.3_S.png,ILTJ143430.56+330129.3,218.627338,33.024808,30.000000
73,ILTJ143436.50+342812.7_I.png,ILTJ143436.50+342812.7_Ip.png,ILTJ143436.50+342812.7_S.png,ILTJ143436.50+342812.7,218.652089,34.470197,40.000000
72,ILTJ143439.72+350829.3_I.png,ILTJ143439.72+350829.3_Ip.png,ILTJ143439.72+350829.3_S.png,ILTJ143439.72+350829.3,218.665481,35.141472,40.000000
71,ILTJ143440.24+345314.7_I.png,ILTJ143440.24+345314.7_Ip.png,ILTJ143440.24+345314.7_S.png,ILTJ143440.24+345314.7,218.667649,34.887441,40.000000
69,ILTJ143441.72+331702.2_I.png,ILTJ143441.72+331702.2_Ip.png,ILTJ143441.72+331702.2_S.png,ILTJ143441.72+331702.2,218.673813,33.283959,30.000000
70,ILTJ143442.87+342440.7_I.png,ILTJ143442.87+342440.7_Ip.png,ILTJ143442.87+342440.7_S.png,ILTJ143442.87+342440.7,218.678628,34.411311,30.000000
68,ILTJ143443.30+334400.0_I.png,ILTJ143443.30+334400.0_Ip.png,ILTJ143443.30+334400.0_S.png,ILTJ143443.30+334400.0,218.680433,33.733351,40.000000
65,ILTJ143445.82+332818.1_I.png,ILTJ143445.82+332818.1_Ip.png,ILTJ143445.82+332818.1_S.png,ILTJ143445.82+332818.1,218.690932,33.471714,30.000000
67,ILTJ143449.27+354330.3_I.png,ILTJ143449.27+354330.3_Ip.png,ILTJ143449.27+354330.3_S.png,ILTJ143449.27+354330.3,218.707616,35.722134,80.000000
66,ILTJ143450.16+354911.8_I.png,ILTJ143450.16+354911.8_Ip.png,ILTJ143450.16+354911.8_S.png,ILTJ143450.16+354911.8,218.708995,35.819956,30.000000
64,ILTJ143451.80+342705.6_I.png,ILTJ143451.80+342705.6_Ip.png,ILTJ143451.80+342705.6_S.png,ILTJ143451.80+342705.6,218.715842,34.451571,30.000000
63,ILTJ143452.15+343325.0_I.png,ILTJ143452.15+343325.0_Ip.png,ILTJ143452.15+343325.0_S.png,ILTJ143452.15+343325.0,218.717293,34.556946,40.000000
62,ILTJ143452.84+330436.2_I.png,ILTJ143452.84+330436.2_Ip.png,ILTJ143452.84+330436.2_S.png,ILTJ143452.84+330436.2,218.720169,33.076733,30.000000
61,ILTJ143454.50+334923.7_I.png,ILTJ143454.50+334923.7_Ip.png,ILTJ143454.50+334923.7_S.png,ILTJ143454.50+334923.7,218.727086,33.823271,30.000000
60,ILTJ143456.32+331214.6_I.png,ILTJ143456.32+331214.6_Ip.png,ILTJ143456.32+331214.6_S.png,ILTJ143456.32+331214.6,218.734657,33.204078,50.000000
59,ILTJ143508.08+352747.4_I.png,ILTJ143508.08+352747.4_Ip.png,ILTJ143508.08+352747.4_S.png,ILTJ143508.08+352747.4,218.783646,35.463170,40.000000
58,ILTJ143512.83+345824.1_I.png,ILTJ143512.83+345824.1_Ip.png,ILTJ143512.83+345824.1_S.png,ILTJ143512.83+345824.1,218.803459,34.973387,30.000000
57,ILTJ143517.09+325701.1_I.png,ILTJ143517.09+325701.1_Ip.png,ILTJ143517.09+325701.1_S.png,ILTJ143517.09+325701.1,218.821189,32.950305,30.000000
56,ILTJ143527.57+340503.2_I.png,ILTJ143527.57+340503.2_Ip.png,ILTJ143527.57+340503.2_S.png,ILTJ143527.57+340503.2,218.864871,34.084234,50.000000
55,ILTJ143535.24+344556.7_I.png,ILTJ143535.24+344556.7_Ip.png,ILTJ143535.24+344556.7_S.png,ILTJ143535.24+344556.7,218.896849,34.765765,40.000000
54,ILTJ143539.59+351145.3_I.png,ILTJ143539.59+351145.3_Ip.png,ILTJ143539.59+351145.3_S.png,ILTJ143539.59+351145.3,218.914967,35.195916,30.000000
53,ILTJ143541.67+345055.1_I.png,ILTJ143541.67+345055.1_Ip.png,ILTJ143541.67+345055.1_S.png,ILTJ143541.67+345055.1,218.923608,34.848659,40.000000
50,ILTJ143543.56+334313.2_I.png,ILTJ143543.56+334313.2_Ip.png,ILTJ143543.56+334313.2_S.png,ILTJ143543.56+334313.2,218.931516,33.720347,40.000000
52,ILTJ143544.80+354748.0_I.png,ILTJ143544.80+354748.0_Ip.png,ILTJ143544.80+354748.0_S.png,ILTJ143544.80+354748.0,218.936678,35.796691,90.000000
49,ILTJ143546.40+333329.6_I.png,ILTJ143546.40+333329.6_Ip.png,ILTJ143546.40+333329.6_S.png,ILTJ143546.40+333329.6,218.943343,33.558248,30.000000
51,ILTJ143546.97+350517.4_I.png,ILTJ143546.97+350517.4_Ip.png,ILTJ143546.97+350517.4_S.png,ILTJ143546.97+350517.4,218.945721,35.088188,30.000000
47,ILTJ143547.77+335536.7_I.png,ILTJ143547.77+335536.7_Ip.png,ILTJ143547.77+335536.7_S.png,ILTJ143547.77+335536.7,218.949054,33.926869,40.000000
43,ILTJ143547.88+325613.7_I.png,ILTJ143547.88+325613.7_Ip.png,ILTJ143547.88+325613.7_S.png,ILTJ143547.88+325613.7,218.949521,32.937160,60.000000
42,ILTJ143550.01+331415.8_I.png,ILTJ143550.01+331415.8_Ip.png,ILTJ143550.01+331415.8_S.png,ILTJ143550.01+331415.8,218.958358,33.237726,50.000000
48,ILTJ143550.74+351834.6_I.png,ILTJ143550.74+351834.6_Ip.png,ILTJ143550.74+351834.6_S.png,ILTJ143550.74+351834.6,218.961402,35.309619,30.000000
44,ILTJ143553.91+352401.9_I.png,ILTJ143553.91+352401.9_Ip.png,ILTJ143553.91+352401.9_S.png,ILTJ143553.91+352401.9,218.974643,35.400527,30.000000
40,ILTJ143555.49+334154.9_I.png,ILTJ143555.49+334154.9_Ip.png,ILTJ143555.49+334154.9_S.png,ILTJ143555.49+334154.9,218.981219,33.698605,30.000000
41,ILTJ143555.82+341439.3_I.png,ILTJ143555.82+341439.3_Ip.png,ILTJ143555.82+341439.3_S.png,ILTJ143555.82+341439.3,218.982581,34.244268,30.000000
39,ILTJ143602.48+354620.7_I.png,ILTJ143602.48+354620.7_Ip.png,ILTJ143602.48+354620.7_S.png,ILTJ143602.48+354620.7,219.010349,35.772421,30.000000
37,ILTJ143603.40+334349.6_I.png,ILTJ143603.40+334349.6_Ip.png,ILTJ143603.40+334349.6_S.png,ILTJ143603.40+334349.6,219.014147,33.730461,60.000000
38,ILTJ143604.61+334539.4_I.png,ILTJ143604.61+334539.4_Ip.png,ILTJ143604.61+334539.4_S.png,ILTJ143604.61+334539.4,219.019208,33.760965,30.000000
36,ILTJ143610.08+340709.1_I.png,ILTJ143610.08+340709.1_Ip.png,ILTJ143610.08+340709.1_S.png,ILTJ143610.08+340709.1,219.042013,34.119212,30.000000
35,ILTJ143615.02+334634.8_I.png,ILTJ143615.02+334634.8_Ip.png,ILTJ143615.02+334634.8_S.png,ILTJ143615.02+334634.8,219.062582,33.776335,30.000000
34,ILTJ143621.99+335950.1_I.png,ILTJ143621.99+335950.1_Ip.png,ILTJ143621.99+335950.1_S.png,ILTJ143621.99+335950.1,219.091623,33.997271,50.000000
30,ILTJ143626.11+334704.5_I.png,ILTJ143626.11+334704.5_Ip.png,ILTJ143626.11+334704.5_S.png,ILTJ143626.11+334704.5,219.108795,33.784587,60.000000
33,ILTJ143626.77+354221.9_I.png,ILTJ143626.77+354221.9_Ip.png,ILTJ143626.77+354221.9_S.png,ILTJ143626.77+354221.9,219.111532,35.706100,30.000000
32,ILTJ143627.64+333327.9_I.png,ILTJ143627.64+333327.9_Ip.png,ILTJ143627.64+333327.9_S.png,ILTJ143627.64+333327.9,219.115184,33.560906,40.000000
31,ILTJ143631.29+341915.9_I.png,ILTJ143631.29+341915.9_Ip.png,ILTJ143631.29+341915.9_S.png,ILTJ143631.29+341915.9,219.130372,34.321086,30.000000
29,ILTJ143635.57+351032.3_I.png,ILTJ143635.57+351032.3_Ip.png,ILTJ143635.57+351032.3_S.png,ILTJ143635.57+351032.3,219.148214,35.175663,30.000000
28,ILTJ143641.24+345822.9_I.png,ILTJ143641.24+345822.9_Ip.png,ILTJ143641.24+345822.9_S.png,ILTJ143641.24+345822.9,219.171827,34.973049,30.000000
27,ILTJ143649.30+341321.3_I.png,ILTJ143649.30+341321.3_Ip.png,ILTJ143649.30+341321.3_S.png,ILTJ143649.30+341321.3,219.205430,34.222585,40.000000
25,ILTJ143654.37+341726.4_I.png,ILTJ143654.37+341726.4_Ip.png,ILTJ143654.37+341726.4_S.png,ILTJ143654.37+341726.4,219.226536,34.290674,30.000000
24,ILTJ143659.48+354810.4_I.png,ILTJ143659.48+354810.4_Ip.png,ILTJ143659.48+354810.4_S.png,ILTJ143659.48+354810.4,219.247853,35.802892,90.000000
23,ILTJ143701.87+343242.0_I.png,ILTJ143701.87+343242.0_Ip.png,ILTJ143701.87+343242.0_S.png,ILTJ143701.87+343242.0,219.257778,34.544999,30.000000
22,ILTJ143713.55+345505.6_I.png,ILTJ143713.55+345505.6_Ip.png,ILTJ143713.55+345505.6_S.png,ILTJ143713.55+345505.6,219.306477,34.918223,30.000000
21,ILTJ143719.06+354447.8_I.png,ILTJ143719.06+354447.8_Ip.png,ILTJ143719.06+354447.8_S.png,ILTJ143719.06+354447.8,219.329429,35.746610,30.000000
20,ILTJ143719.27+351355.6_I.png,ILTJ143719.27+351355.6_Ip.png,ILTJ143719.27+351355.6_S.png,ILTJ143719.27+351355.6,219.330308,35.232125,30.000000
18,ILTJ143725.93+334341.5_I.png,ILTJ143725.93+334341.5_Ip.png,ILTJ143725.93+334341.5_S.png,ILTJ143725.93+334341.5,219.358021,33.728214,30.000000
16,ILTJ143727.22+333036.2_I.png,ILTJ143727.22+333036.2_Ip.png,ILTJ143727.22+333036.2_S.png,ILTJ143727.22+333036.2,219.363421,33.510066,30.000000
17,ILTJ143727.78+335048.8_I.png,ILTJ143727.78+335048.8_Ip.png,ILTJ143727.78+335048.8_S.png,ILTJ143727.78+335048.8,219.365740,33.846914,30.000000
19,ILTJ143730.08+353152.0_I.png,ILTJ143730.08+353152.0_Ip.png,ILTJ143730.08+353152.0_S.png,ILTJ143730.08+353152.0,219.375343,35.531133,30.000000
15,ILTJ143735.38+343152.8_I.png,ILTJ143735.38+343152.8_Ip.png,ILTJ143735.38+343152.8_S.png,ILTJ143735.38+343152.8,219.397433,34.531345,30.000000
14,ILTJ143739.42+343718.4_I.png,ILTJ143739.42+343718.4_Ip.png,ILTJ143739.42+343718.4_S.png,ILTJ143739.42+343718.4,219.414247,34.621797,50.000000
13,ILTJ143746.23+350656.0_I.png,ILTJ143746.23+350656.0_Ip.png,ILTJ143746.23+350656.0_S.png,ILTJ143746.23+350656.0,219.442643,35.115580,30.000000
12,ILTJ143749.53+345452.8_I.png,ILTJ143749.53+345452.8_Ip.png,ILTJ143749.53+345452.8_S.png,ILTJ143749.53+345452.8,219.456366,34.914675,40.000000
10,ILTJ143756.42+351941.1_I.png,ILTJ143756.42+351941.1_Ip.png,ILTJ143756.42+351941.1_S.png,ILTJ143756.42+351941.1,219.485086,35.328106,30.000000
9,ILTJ143802.23+353717.3_I.png,ILTJ143802.23+353717.3_Ip.png,ILTJ143802.23+353717.3_S.png,ILTJ143802.23+353717.3,219.510785,35.623252,40.000000
8,ILTJ143813.09+352618.1_I.png,ILTJ143813.09+352618.1_Ip.png,ILTJ143813.09+352618.1_S.png,ILTJ143813.09+352618.1,219.554528,35.438360,50.000000
6,ILTJ143826.54+332947.3_I.png,ILTJ143826.54+332947.3_Ip.png,ILTJ143826.54+332947.3_S.png,ILTJ143826.54+332947.3,219.610585,33.496479,30.000000
4,ILTJ143826.60+335037.0_I.png,ILTJ143826.60+335037.0_Ip.png,ILTJ143826.60+335037.0_S.png,ILTJ143826.60+335037.0,219.610817,33.843623,50.000000
7,ILTJ143828.05+354122.7_I.png,ILTJ143828.05+354122.7_Ip.png,ILTJ143828.05+354122.7_S.png,ILTJ143828.05+354122.7,219.616858,35.689659,30.000000
3,ILTJ143829.35+335644.2_I.png,ILTJ143829.35+335644.2_Ip.png,ILTJ143829.35+335644.2_S.png,ILTJ143829.35+335644.2,219.628942,33.950261,70.000000
5,ILTJ143829.58+340802.8_I.png,ILTJ143829.58+340802.8_Ip.png,ILTJ143829.58+340802.8_S.png,ILTJ143829.58+340802.8,219.623259,34.134114,30.000000
1,ILTJ143838.43+341907.5_I.png,ILTJ143838.43+341907.5_Ip.png,ILTJ143838.43+341907.5_S.png,ILTJ143838.43+341907.5,219.660138,34.318762,60.000000
2,ILTJ143839.66+350227.5_I.png,ILTJ143839.66+350227.5_Ip.png,ILTJ143839.66+350227.5_S.png,ILTJ143839.66+350227.5,219.665270,35.040991,30.000000
